﻿{"cameraMode":{"drawMode":0,"name":"Shaded","section":"Shading Mode"},"sceneLighting":false,"audioPlay":false,"sceneViewState":{"showFog":true,"showMaterialUpdate":false,"showSkybox":true,"showFlares":true,"showImageEffects":true,"showParticleSystems":true},"in2DMode":false,"pivot":{"x":2.0143191814422609,"y":-13.087050437927246,"z":-39.681861877441409},"rotation":{"x":0.01048144418746233,"y":-0.0011883227853104473,"z":-0.000012370353942969814,"w":-0.9999444484710693},"size":44.44032669067383,"orthographic":false}